{"count":1,"self":80.49012479999999,"total":374.28612089999996,"children":{"InitializeActuators":{"count":12,"self":0.002992,"total":0.002992,"children":null},"InitializeSensors":{"count":12,"self":0.000998,"total":0.000998,"children":null},"AgentSendState":{"count":208484,"self":0.9125823999999999,"total":5.2466668,"children":{"CollectObservations":{"count":500364,"self":1.0130217,"total":1.0130217,"children":null},"WriteActionMask":{"count":500364,"self":0.1176874,"total":0.1176874,"children":null},"RequestDecision":{"count":500364,"self":0.8317004,"total":3.2033753,"children":{"AgentInfo.ToProto":{"count":500364,"self":0.73618549999999994,"total":2.3716749,"children":{"GenerateSensorData":{"count":500364,"self":1.6354894,"total":1.6354894,"children":null}}}}}}},"DecideAction":{"count":208484,"self":275.509376,"total":275.5093634,"children":null},"AgentAct":{"count":208484,"self":12.954471999999999,"total":13.0339818,"children":{"AgentInfo.ToProto":{"count":5822,"self":0.0229435,"total":0.07951,"children":{"GenerateSensorData":{"count":5822,"self":0.0565665,"total":0.0565665,"children":null}}}}}},"gauges":{"3DBall.CumulativeReward":{"count":5822,"max":100.099045,"min":0.100000143,"runningAverage":7.532785,"value":100.099045,"weightedAverage":100.097588}},"metadata":{"timer_format_version":"0.1.0","start_time_seconds":"1648728745","unity_version":"2021.2.16f1","command_line_arguments":"D:\\2021.2.16f1\\Editor\\Unity.exe -projectPath D:\\NeuralNetwork","communication_protocol_version":"1.5.0","com.unity.ml-agents_version":"2.0.1","scene_name":"3DBall","end_time_seconds":"1648729120"}}